{"stat.chestOpened":1,"stat.walkOneCm":39889,"stat.useItem.minecraft.lever":124,"stat.pickup.minecraft.redstone_torch":92,"stat.useItem.minecraft.repeater":142,"stat.leaveGame":7,"stat.useItem.minecraft.comparator":107,"stat.furnaceInteraction":4,"stat.drop.minecraft.redstone":2,"stat.drop.minecraft.stone_slab":1,"stat.jump":332,"stat.useItem.minecraft.redstone":1625,"stat.drop.minecraft.obsidian":1,"stat.crouchOneCm":5869,"stat.sprintOneCm":322,"stat.useItem.minecraft.stone_slab2":3722,"stat.useItem.minecraft.redstone_ore":332,"stat.useItem.minecraft.stone_slab":46,"stat.useItem.minecraft.redstone_lamp":1,"stat.pickup.minecraft.comparator":4,"stat.pickup.minecraft.repeater":14,"stat.flyOneCm":5940582,"stat.pickup.minecraft.lever":10,"stat.useItem.minecraft.ender_pearl":34,"stat.drop":5,"stat.playOneMinute":1193713,"stat.pickup.minecraft.torch":5,"stat.pickup.minecraft.cactus":1,"stat.sneakTime":35900,"stat.pickup.minecraft.redstone":161,"stat.timeSinceDeath":1193713,"stat.drop.minecraft.wooden_axe":1}