{
    "fixtures": [
        {
            "perPointDuration": true,
            "points": [
                {
                    "duration": 20,
                    "point": {
                        "x": 25.677465844779746,
                        "y": 63.809486741892094,
                        "z": 4.253935827676903
                    },
                    "angle": {
                        "yaw": -1.3649082,
                        "pitch": 76.04996,
                        "roll": 0.0,
                        "fov": 70.0
                    }
                },
                {
                    "duration": 30,
                    "point": {
                        "x": 25.677465438842773,
                        "y": 63.809486389160156,
                        "z": 4.253935813903809
                    },
                    "angle": {
                        "yaw": -4.6649117,
                        "pitch": -35.250053,
                        "roll": 0.0,
                        "fov": 70.0
                    }
                },
                {
                    "duration": 50,
                    "point": {
                        "x": 25.677465438842773,
                        "y": 63.809486389160156,
                        "z": 4.253935813903809
                    },
                    "angle": {
                        "yaw": 93.28363,
                        "pitch": 7.6007123,
                        "roll": 0.0,
                        "fov": 70.0
                    }
                },
                {
                    "duration": 60,
                    "point": {
                        "x": 9.896140188795265,
                        "y": 69.54575919935839,
                        "z": -5.537801532617259
                    },
                    "angle": {
                        "yaw": 68.8335,
                        "pitch": 13.450716,
                        "roll": 0.0,
                        "fov": 70.0
                    }
                },
                {
                    "duration": 90,
                    "point": {
                        "x": -7.78082933066319,
                        "y": 63.55117616478397,
                        "z": -21.235288530908978
                    },
                    "angle": {
                        "yaw": 5.6834183,
                        "pitch": -3.4992785,
                        "roll": 0.0,
                        "fov": 70.0
                    }
                },
                {
                    "duration": 60,
                    "point": {
                        "x": -61.73219303537121,
                        "y": 63.551177978515625,
                        "z": -20.707461876133575
                    },
                    "angle": {
                        "yaw": -23.11656,
                        "pitch": -3.4992785,
                        "roll": 0.0,
                        "fov": 70.0
                    }
                },
                {
                    "duration": 60,
                    "point": {
                        "x": -75.42398387849002,
                        "y": 63.551177978515625,
                        "z": 2.2227148650780197
                    },
                    "angle": {
                        "yaw": -86.56676,
                        "pitch": 1.9007219,
                        "roll": 0.0,
                        "fov": 70.0
                    }
                },
                {
                    "duration": 60,
                    "point": {
                        "x": -63.422327015283614,
                        "y": 63.175759125742125,
                        "z": 29.889544022017258
                    },
                    "angle": {
                        "yaw": -156.46637,
                        "pitch": 2.8007224,
                        "roll": 0.0,
                        "fov": 70.0
                    }
                },
                {
                    "duration": 60,
                    "point": {
                        "x": 1.718883616382754,
                        "y": 63.175758361816406,
                        "z": 23.466597452570916
                    },
                    "angle": {
                        "yaw": -218.56564,
                        "pitch": 3.8507228,
                        "roll": 0.0,
                        "fov": 70.0
                    }
                },
                {
                    "duration": 60,
                    "point": {
                        "x": 9.216922437881083,
                        "y": 63.175758361816406,
                        "z": 4.215242514680334
                    },
                    "angle": {
                        "yaw": -267.53833,
                        "pitch": -2.4505796,
                        "roll": 0.0,
                        "fov": 70.0
                    }
                },
                {
                    "duration": 90,
                    "point": {
                        "x": -4.688356162974332,
                        "y": 56.81986819788132,
                        "z": -3.395896134206351
                    },
                    "angle": {
                        "yaw": -330.53714,
                        "pitch": -4.250581,
                        "roll": 0.0,
                        "fov": 70.0
                    }
                },
                {
                    "duration": 60,
                    "point": {
                        "x": -53.56958213952412,
                        "y": 56.81986999511719,
                        "z": -3.5917925665929893
                    },
                    "angle": {
                        "yaw": -372.6865,
                        "pitch": -0.050580002,
                        "roll": 0.0,
                        "fov": 70.0
                    }
                },
                {
                    "duration": 60,
                    "point": {
                        "x": -62.20687346434681,
                        "y": 56.79225114117378,
                        "z": 5.600465444619587
                    },
                    "angle": {
                        "yaw": -451.19278,
                        "pitch": 5.3280387,
                        "roll": 0.0,
                        "fov": 70.0
                    }
                },
                {
                    "duration": 60,
                    "point": {
                        "x": -54.362017325459725,
                        "y": 56.79225158691406,
                        "z": 17.615806563721506
                    },
                    "angle": {
                        "yaw": -541.3437,
                        "pitch": 8.02804,
                        "roll": 0.0,
                        "fov": 70.0
                    }
                },
                {
                    "duration": 60,
                    "point": {
                        "x": -41.20689028785072,
                        "y": 56.79225158691406,
                        "z": 19.179799263989942
                    },
                    "angle": {
                        "yaw": -541.3437,
                        "pitch": 7.87804,
                        "roll": 0.0,
                        "fov": 70.0
                    }
                },
                {
                    "duration": 60,
                    "point": {
                        "x": -23.293036960122137,
                        "y": 56.79225158691406,
                        "z": 19.137742462567985
                    },
                    "angle": {
                        "yaw": -540.4435,
                        "pitch": 8.02804,
                        "roll": 0.0,
                        "fov": 70.0
                    }
                },
                {
                    "duration": 60,
                    "point": {
                        "x": -8.678675238726191,
                        "y": 56.79225158691406,
                        "z": 15.262982475298369
                    },
                    "angle": {
                        "yaw": -542.54395,
                        "pitch": 9.228037,
                        "roll": 0.0,
                        "fov": 70.0
                    }
                },
                {
                    "duration": 60,
                    "point": {
                        "x": 0.012223901468735143,
                        "y": 61.281744233808226,
                        "z": 4.056655703737897
                    },
                    "angle": {
                        "yaw": -628.31445,
                        "pitch": 10.78116,
                        "roll": 0.0,
                        "fov": 70.0
                    }
                },
                {
                    "duration": 60,
                    "point": {
                        "x": -5.567484013090624,
                        "y": 62.02569932260658,
                        "z": 5.04650904894263
                    },
                    "angle": {
                        "yaw": -630.7161,
                        "pitch": 2.3811636,
                        "roll": 0.0,
                        "fov": 70.0
                    }
                },
                {
                    "duration": 60,
                    "point": {
                        "x": -5.567483901977539,
                        "y": 76.2588654414487,
                        "z": 5.046509265899658
                    },
                    "angle": {
                        "yaw": -632.96594,
                        "pitch": 2.9811633,
                        "roll": 0.0,
                        "fov": 70.0
                    }
                },
                {
                    "duration": 120,
                    "point": {
                        "x": -8.390347862684921,
                        "y": 82.61128387208043,
                        "z": 5.259945451073575
                    },
                    "angle": {
                        "yaw": -629.81616,
                        "pitch": 86.999985,
                        "roll": 0.0,
                        "fov": 70.0
                    }
                },
                {
                    "duration": 60,
                    "point": {
                        "x": -53.49797258364286,
                        "y": 82.61128234863281,
                        "z": 5.345412533669378
                    },
                    "angle": {
                        "yaw": -631.7659,
                        "pitch": 90.0,
                        "roll": 0.0,
                        "fov": 70.0
                    }
                },
                {
                    "duration": 40,
                    "point": {
                        "x": -59.30162763355583,
                        "y": 76.25719947862657,
                        "z": 6.300153599033016
                    },
                    "angle": {
                        "yaw": -453.56686,
                        "pitch": 8.699958,
                        "roll": 0.0,
                        "fov": 70.0
                    }
                },
                {
                    "duration": 60,
                    "point": {
                        "x": -59.30162811279297,
                        "y": 62.38182368346685,
                        "z": 6.300153732299805
                    },
                    "angle": {
                        "yaw": -453.56686,
                        "pitch": 8.549958,
                        "roll": 0.0,
                        "fov": 70.0
                    }
                },
                {
                    "duration": 60,
                    "point": {
                        "x": -60.090076579433756,
                        "y": 62.3818244934082,
                        "z": -4.2476413569697264
                    },
                    "angle": {
                        "yaw": -398.81766,
                        "pitch": 7.6499596,
                        "roll": 0.0,
                        "fov": 70.0
                    }
                },
                {
                    "duration": 180,
                    "point": {
                        "x": -52.29300233840242,
                        "y": 62.750235920663826,
                        "z": -1.8819403399617536
                    },
                    "angle": {
                        "yaw": -361.16818,
                        "pitch": 26.399931,
                        "roll": 0.0,
                        "fov": 70.0
                    }
                },
                {
                    "duration": 60,
                    "point": {
                        "x": -6.562540093797403,
                        "y": 62.75023651123047,
                        "z": -1.9332391936331987
                    },
                    "angle": {
                        "yaw": -360.7182,
                        "pitch": 26.399931,
                        "roll": 0.0,
                        "fov": 70.0
                    }
                },
                {
                    "duration": 60,
                    "point": {
                        "x": -6.562540054321289,
                        "y": 76.97559196302694,
                        "z": -1.933239221572876
                    },
                    "angle": {
                        "yaw": -320.6691,
                        "pitch": 26.399921,
                        "roll": 0.0,
                        "fov": 70.0
                    }
                },
                {
                    "duration": 180,
                    "point": {
                        "x": -6.324840040986113,
                        "y": 78.8573653277288,
                        "z": 2.271360407675469
                    },
                    "angle": {
                        "yaw": -270.41916,
                        "pitch": 73.05001,
                        "roll": 0.0,
                        "fov": 70.0
                    }
                },
                {
                    "duration": 60,
                    "point": {
                        "x": -53.686364156075,
                        "y": 78.85736846923828,
                        "z": 2.2813922554341843
                    },
                    "angle": {
                        "yaw": -270.26917,
                        "pitch": 90.0,
                        "roll": 0.0,
                        "fov": 70.0
                    }
                },
                {
                    "duration": 60,
                    "point": {
                        "x": -31.003587268206772,
                        "y": 68.35172257901216,
                        "z": -18.667591016747508
                    },
                    "angle": {
                        "yaw": -361.619,
                        "pitch": 3.1499276,
                        "roll": 0.0,
                        "fov": 70.0
                    }
                },
                {
                    "duration": 60,
                    "point": {
                        "x": -31.00358772277832,
                        "y": 68.35172271728516,
                        "z": -18.667591094970703
                    },
                    "angle": {
                        "yaw": -361.619,
                        "pitch": 3.1499276,
                        "roll": 0.0,
                        "fov": 70.0
                    }
                },
                {
                    "duration": 1,
                    "point": {
                        "x": 6.157878829916023,
                        "y": 63.08534373224275,
                        "z": -1.592462489888032
                    },
                    "angle": {
                        "yaw": -283.01898,
                        "pitch": -4.8000584,
                        "roll": 0.0,
                        "fov": 70.0
                    }
                }
            ],
            "useSpeed": false,
            "speed": {
                "keyframes": [
                    {
                        "tick": 0,
                        "value": 1.0,
                        "interp": "LINEAR",
                        "easing": "IN",
                        "rx": 5.0,
                        "ry": 0.0,
                        "lx": 5.0,
                        "ly": 0.0
                    }
                ]
            },
            "duration": 2181,
            "name": "",
            "modifiers": [],
            "type": "path",
            "interpolation": "linear",
            "interpolationAngle": "cubic_inout"
        },
        {
            "previous": false,
            "duration": 30,
            "name": "",
            "modifiers": [],
            "type": "null"
        },
        {
            "previous": false,
            "duration": 30,
            "name": "",
            "modifiers": [],
            "type": "null"
        }
    ],
    "modifiers": []
}