{
    "fixtures": [
        {
            "perPointDuration": true,
            "points": [
                {
                    "duration": 30,
                    "point": {
                        "x": 25.644386291503906,
                        "y": 63.80948638963858,
                        "z": 4.538512706756592
                    },
                    "angle": {
                        "yaw": 2.3360245,
                        "pitch": 88.94999,
                        "roll": 0.0,
                        "fov": 70.0
                    }
                },
                {
                    "duration": 30,
                    "point": {
                        "x": 25.644386291503906,
                        "y": 63.80948638949652,
                        "z": 4.538512706756592
                    },
                    "angle": {
                        "yaw": -6.063971,
                        "pitch": -26.099997,
                        "roll": 0.0,
                        "fov": 70.0
                    }
                },
                {
                    "duration": 30,
                    "point": {
                        "x": 25.644386291503906,
                        "y": 63.80948639079689,
                        "z": 4.538512706756592
                    },
                    "angle": {
                        "yaw": 87.98601,
                        "pitch": 4.350001,
                        "roll": 0.0,
                        "fov": 70.0
                    }
                },
                {
                    "duration": 90,
                    "point": {
                        "x": -7.702961759193247,
                        "y": 69.87378344661404,
                        "z": -30.512422736485345
                    },
                    "angle": {
                        "yaw": 5.0358033,
                        "pitch": 9.900015,
                        "roll": 0.0,
                        "fov": 70.0
                    }
                },
                {
                    "duration": 90,
                    "point": {
                        "x": -59.99208126058442,
                        "y": 67.87048712284985,
                        "z": -18.69914820676642
                    },
                    "angle": {
                        "yaw": -22.715332,
                        "pitch": 7.6500053,
                        "roll": 0.0,
                        "fov": 70.0
                    }
                }
            ],
            "useSpeed": false,
            "speed": {
                "keyframes": [
                    {
                        "tick": 0,
                        "value": 1.0,
                        "interp": "LINEAR",
                        "easing": "IN",
                        "rx": 5.0,
                        "ry": 0.0,
                        "lx": 5.0,
                        "ly": 0.0
                    }
                ]
            },
            "duration": 270,
            "name": "",
            "modifiers": [],
            "type": "path",
            "interpolation": "linear",
            "interpolationAngle": "cubic_inout"
        }
    ],
    "modifiers": []
}